Designator,Supplier,Supplier Part Number,Description,Value,Quantity
"U1, U2, U3",Digikey,DRV8841PWP,"45-V, 2.5-A bipolar stepper or dual H-bridge motor driver IC with current regulation and PWM control",N/A,3
"J1, J2, J3, J4, J5, J6, J7",Digikey,1935776,"Screw Terminal Header, 2-pin",N/A,7
"C1, C3, C6, C8, C11, C13",Digikey,C1210C104J5RAC7800,Capacitor,100nF,6
"C2, C7, C12",Digikey,KGM32LR51E476MU,Capacitor,47nF,3
"C4, C9, C14",Digikey,KGM32LR72A474KU,Capacitor,0.47nF,3
"C5, C10, C15",Digikey,1210Y0500104KST,Capacitor,100nF,3
"R2, R6, R10",Digikey,CRGP1210F1M0,"523 Ohms ±1% 0.5W, 1/2W Chip Resistor 1210 _3225 Metric_ Moisture Resistant Thick Film",1M,3
"R1, R5, R9",Digikey,RC1210FR-07523RL,"523 Ohms ±1% 0.5W, 1/2W Chip Resistor 1210 _3225 Metric_ Moisture Resistant Thick Film",10k,3
"R7, R8, R11, R12",Digikey,ERJ-14RQJ1R0U,Resistor,1,4
"R3, R4",Digikey,35021R5FT,Resistor,1.5,2
